<!-- This is a generated file. It is highly recommended that you DO NOT edit this file. --><iq:manifest xmlns:iq="http://www.garmin.com/xml/connectiq" version="3">
    <iq:application entry="GradientAnalogApp" id="4552baea-7cd2-4642-83a8-e0f54fcc170e" launcherIcon="@Drawables.LauncherIcon" minSdkVersion="3.0.0" name="@Strings.AppName" type="watchface" version="0.0.0">
        <iq:products>
            <iq:product id="venu"/>
        </iq:products>
        <iq:permissions/>
        <iq:languages>
            <iq:language>eng</iq:language>
        </iq:languages>
        <iq:barrels/>
    </iq:application>
</iq:manifest>
