<properties>
    <property id="Use24HourFormat" type="number">2</property>
    <property id="ShowTicks" type="boolean">true</property>
    <property id="BackgroundColor" type="number">5</property>
    <property id="BackgroundColor1" type="number">4</property>
    <property id="Background" type="number">0</property>
    <property id="ForegroundColor" type="number">1</property>
    <property id="BoxColor" type="number">3</property>
    <property id="TextColor" type="number">1</property>
    <property id="SecondHandColor" type="number">6</property>
    <property id="HourMinHandColor" type="number">1</property>
    <property id="AlwaysOn" type="boolean">true</property>
    <property id="ShowBoxes" type="boolean">false</property>
    <property id="RightBoxDisplay1" type="number">1</property>
    <property id="TickStyle" type="number">1</property>
    <property id="ShowMinTicks" type="boolean">true</property>

</properties>
