<strings>

    <string id="AppName">Simple Times</string>
    
    <string id="MilitaryFormatTitle">Use 24 Hour Time</string>
   	<string id="MF_0">Yes</string>
   	<string id="MF_1">No</string>
   	<string id="MF_2">Use System Default</string>
   	
   	<string id = "BackgroundColorTitle">Background Color</string>
   	<string id = "ForegroundColorTitle">Tick color</string>
   	<string id = "BoxColorTitle">Box and arbor color</string>
   	<string id = "SecondHandColorTitle">Second hand color</string>
   	<string id = "HourMinHandColorTitle">Hour and minute hand color</string>
   	<string id = "TextColorTitle">Text and status info color</string>
   	<string id = "ShowMinTicksTitle">Show ticks for minutes</string>
   	<string id = "TickStyleTitle">Tick style</string>
	<string id = "DateOnRightTitle">Show date on right</string>   	
 	<string id = "ShowStatusBarTitle">Show status bar</string>
 	<string id = "NumberStyleTitle">Number Style</string>
 	<string id = "HandStyleTitle">Hand Style</string>
 	<string id = "ShowNumbersAtTitle">Show numbers only on 12, 3, 6, and 9 marks</string>
 	
 	<string id="HS1">Plain</string>
 	<string id="HS2">Circle</string>
 	<string id="HS3">Pointer</string>
 	<string id="HS4">Arrow</string>
 	
 	<string id = "NS1">None</string>
 	<string id = "NS2">Roman Numerals</string>
 	<string id = "NS3">Cambria Numbers</string>
 	<string id = "NS4">Century Numbers</string>
   	
   	<string id = "DORT_1">Right</string>
   	<string id = "DORT_2">Left</string>
   	
   	<string id = "TS1">None</string>
   	<string id = "TS2">Dash</string>
   	<string id = "TS3">Circle</string>
   	<string id = "TS4">Triangle</string>
   		
   	<string id="Color1">Black</string>
   	<string id="Color2">White</string>
   	<string id="Color3">Light Gray</string>
   	<string id="Color4">Dark Gray</string>
   	<string id="Color5">Blue</string>
   	<string id="Color6">Dark Blue</string>
   	<string id="Color7">Red</string>
   	<string id="Color8">Dark Red</string>
   	<string id="Color9">Green</string>
   	<string id="Color10">Dark Green</string>
   	<string id="Color11">Purple</string>
   	<string id="Color12">Pink</string>
   	<string id="Color13">Orange</string>
   	<string id="Color14">Yellow</string>
   	
   	<string id="Image1">Green Camo</string>
   
    
    <string id="ShowTicksTitle">Show ticks around watch face</string>
    <string id="RightBoxDipslayTitle">Info box display </string>
    <string id="SecondHandColorTitle">Second hand color</string>
    <string id="AlwaysOnTitle">Always update watch face (currently not available on certain watches)</string>
    <string id="ShowBoxesTitle">Show boxes around text labels</string>
    
	<!-- The labels for the information box options -->
    <string id="RBD_0">Blank</string>
    <string id="RBD_1">Time</string>
    <string id="RBD_2">Steps</string>
    <string id="RBD_3">Floors Climbed</string>
    <string id="RBD_4">Calories Burned</string>
    <string id="RBD_5">Distance</string>
    <string id="RBD_6">Battery</string>

	<string id="ShowSecondHandTitle">Show the second hand</string>

	<!-- Days Of Week -->
	<string id="Dow0">Sun</string>
	<string id="Dow1">Mon</string>
	<string id="Dow3">Tue</string>
	<string id="Dow4">Wed</string>
	<string id="Dow5">Thur</string>
	<string id="Dow6">Fri</string>
	<string id="Dow7">Sat</string>
	
</strings>
